hour,Reference_Id,Location,Day,Ratio,Adjusted_ratio
0,804,セブンイレブン池袋北口平和通り 7-eleven,Friday,0.45,0.45
1,804,セブンイレブン池袋北口平和通り 7-eleven,Friday,0.32,0.32
2,804,セブンイレブン池袋北口平和通り 7-eleven,Friday,0.25,0.25
3,804,セブンイレブン池袋北口平和通り 7-eleven,Friday,0.34,0.34
4,804,セブンイレブン池袋北口平和通り 7-eleven,Friday,0.3,0.3
5,804,セブンイレブン池袋北口平和通り 7-eleven,Friday,0.32,0.32
6,804,セブンイレブン池袋北口平和通り 7-eleven,Friday,0.5,0.5
7,804,セブンイレブン池袋北口平和通り 7-eleven,Friday,0.63,0.63
8,804,セブンイレブン池袋北口平和通り 7-eleven,Friday,0.78,0.78
9,804,セブンイレブン池袋北口平和通り 7-eleven,Friday,0.74,0.74
10,804,セブンイレブン池袋北口平和通り 7-eleven,Friday,0.8,0.8
11,804,セブンイレブン池袋北口平和通り 7-eleven,Friday,0.65,0.65
12,804,セブンイレブン池袋北口平和通り 7-eleven,Friday,0.67,0.67
13,804,セブンイレブン池袋北口平和通り 7-eleven,Friday,0.58,0.58
14,804,セブンイレブン池袋北口平和通り 7-eleven,Friday,0.58,0.58
15,804,セブンイレブン池袋北口平和通り 7-eleven,Friday,0.5,0.5
16,804,セブンイレブン池袋北口平和通り 7-eleven,Friday,0.54,0.54
17,804,セブンイレブン池袋北口平和通り 7-eleven,Friday,0.61,0.61
18,804,セブンイレブン池袋北口平和通り 7-eleven,Friday,0.76,0.76
19,804,セブンイレブン池袋北口平和通り 7-eleven,Friday,0.74,0.74
20,804,セブンイレブン池袋北口平和通り 7-eleven,Friday,0.69,0.69
21,804,セブンイレブン池袋北口平和通り 7-eleven,Friday,0.5,0.5
22,804,セブンイレブン池袋北口平和通り 7-eleven,Friday,0.54,0.54
23,804,セブンイレブン池袋北口平和通り 7-eleven,Friday,0.56,0.56
0,804,セブンイレブン池袋北口平和通り 7-eleven,Monday,0.47,0.47
1,804,セブンイレブン池袋北口平和通り 7-eleven,Monday,0.4,0.4
2,804,セブンイレブン池袋北口平和通り 7-eleven,Monday,0.34,0.34
3,804,セブンイレブン池袋北口平和通り 7-eleven,Monday,0.45,0.45
4,804,セブンイレブン池袋北口平和通り 7-eleven,Monday,0.4,0.4
5,804,セブンイレブン池袋北口平和通り 7-eleven,Monday,0.49,0.49
6,804,セブンイレブン池袋北口平和通り 7-eleven,Monday,0.6,0.6
7,804,セブンイレブン池袋北口平和通り 7-eleven,Monday,0.7,0.7
8,804,セブンイレブン池袋北口平和通り 7-eleven,Monday,0.72,0.72
9,804,セブンイレブン池袋北口平和通り 7-eleven,Monday,0.72,0.72
10,804,セブンイレブン池袋北口平和通り 7-eleven,Monday,0.6,0.6
11,804,セブンイレブン池袋北口平和通り 7-eleven,Monday,0.58,0.58
12,804,セブンイレブン池袋北口平和通り 7-eleven,Monday,0.63,0.63
13,804,セブンイレブン池袋北口平和通り 7-eleven,Monday,0.7,0.7
14,804,セブンイレブン池袋北口平和通り 7-eleven,Monday,0.81,0.81
15,804,セブンイレブン池袋北口平和通り 7-eleven,Monday,0.85,0.85
16,804,セブンイレブン池袋北口平和通り 7-eleven,Monday,0.78,0.78
17,804,セブンイレブン池袋北口平和通り 7-eleven,Monday,0.65,0.65
18,804,セブンイレブン池袋北口平和通り 7-eleven,Monday,0.69,0.69
19,804,セブンイレブン池袋北口平和通り 7-eleven,Monday,0.85,0.85
20,804,セブンイレブン池袋北口平和通り 7-eleven,Monday,0.9,0.9
21,804,セブンイレブン池袋北口平和通り 7-eleven,Monday,0.81,0.81
22,804,セブンイレブン池袋北口平和通り 7-eleven,Monday,0.61,0.61
23,804,セブンイレブン池袋北口平和通り 7-eleven,Monday,0.52,0.52
0,804,セブンイレブン池袋北口平和通り 7-eleven,Saturday,0.5,0.5
1,804,セブンイレブン池袋北口平和通り 7-eleven,Saturday,0.4,0.4
2,804,セブンイレブン池袋北口平和通り 7-eleven,Saturday,0.36,0.36
3,804,セブンイレブン池袋北口平和通り 7-eleven,Saturday,0.21,0.21
4,804,セブンイレブン池袋北口平和通り 7-eleven,Saturday,0.32,0.32
5,804,セブンイレブン池袋北口平和通り 7-eleven,Saturday,0.32,0.32
6,804,セブンイレブン池袋北口平和通り 7-eleven,Saturday,0.4,0.4
7,804,セブンイレブン池袋北口平和通り 7-eleven,Saturday,0.36,0.36
8,804,セブンイレブン池袋北口平和通り 7-eleven,Saturday,0.49,0.49
9,804,セブンイレブン池袋北口平和通り 7-eleven,Saturday,0.58,0.58
10,804,セブンイレブン池袋北口平和通り 7-eleven,Saturday,0.54,0.54
11,804,セブンイレブン池袋北口平和通り 7-eleven,Saturday,0.49,0.49
12,804,セブンイレブン池袋北口平和通り 7-eleven,Saturday,0.54,0.54
13,804,セブンイレブン池袋北口平和通り 7-eleven,Saturday,0.72,0.72
14,804,セブンイレブン池袋北口平和通り 7-eleven,Saturday,0.78,0.78
15,804,セブンイレブン池袋北口平和通り 7-eleven,Saturday,0.87,0.87
16,804,セブンイレブン池袋北口平和通り 7-eleven,Saturday,0.85,0.85
17,804,セブンイレブン池袋北口平和通り 7-eleven,Saturday,0.83,0.83
18,804,セブンイレブン池袋北口平和通り 7-eleven,Saturday,0.7,0.7
19,804,セブンイレブン池袋北口平和通り 7-eleven,Saturday,0.65,0.65
20,804,セブンイレブン池袋北口平和通り 7-eleven,Saturday,0.67,0.67
21,804,セブンイレブン池袋北口平和通り 7-eleven,Saturday,0.81,0.81
22,804,セブンイレブン池袋北口平和通り 7-eleven,Saturday,0.83,0.83
23,804,セブンイレブン池袋北口平和通り 7-eleven,Saturday,0.67,0.67
0,804,セブンイレブン池袋北口平和通り 7-eleven,Sunday,0.29,0.29
1,804,セブンイレブン池袋北口平和通り 7-eleven,Sunday,0.32,0.32
2,804,セブンイレブン池袋北口平和通り 7-eleven,Sunday,0.38,0.38
3,804,セブンイレブン池袋北口平和通り 7-eleven,Sunday,0.36,0.36
4,804,セブンイレブン池袋北口平和通り 7-eleven,Sunday,0.45,0.45
5,804,セブンイレブン池袋北口平和通り 7-eleven,Sunday,0.49,0.49
6,804,セブンイレブン池袋北口平和通り 7-eleven,Sunday,0.47,0.47
7,804,セブンイレブン池袋北口平和通り 7-eleven,Sunday,0.49,0.49
8,804,セブンイレブン池袋北口平和通り 7-eleven,Sunday,0.52,0.52
9,804,セブンイレブン池袋北口平和通り 7-eleven,Sunday,0.67,0.67
10,804,セブンイレブン池袋北口平和通り 7-eleven,Sunday,0.67,0.67
11,804,セブンイレブン池袋北口平和通り 7-eleven,Sunday,0.56,0.56
12,804,セブンイレブン池袋北口平和通り 7-eleven,Sunday,0,0
13,804,セブンイレブン池袋北口平和通り 7-eleven,Sunday,0.45,0.45
14,804,セブンイレブン池袋北口平和通り 7-eleven,Sunday,0.47,0.47
15,804,セブンイレブン池袋北口平和通り 7-eleven,Sunday,0.5,0.5
16,804,セブンイレブン池袋北口平和通り 7-eleven,Sunday,0.56,0.56
17,804,セブンイレブン池袋北口平和通り 7-eleven,Sunday,0.65,0.65
18,804,セブンイレブン池袋北口平和通り 7-eleven,Sunday,0.6,0.6
19,804,セブンイレブン池袋北口平和通り 7-eleven,Sunday,0.67,0.67
20,804,セブンイレブン池袋北口平和通り 7-eleven,Sunday,0.6,0.6
21,804,セブンイレブン池袋北口平和通り 7-eleven,Sunday,0.6,0.6
22,804,セブンイレブン池袋北口平和通り 7-eleven,Sunday,0.54,0.54
23,804,セブンイレブン池袋北口平和通り 7-eleven,Sunday,0.47,0.47
0,804,セブンイレブン池袋北口平和通り 7-eleven,Thursday,0.63,0.63
1,804,セブンイレブン池袋北口平和通り 7-eleven,Thursday,0.41,0.41
2,804,セブンイレブン池袋北口平和通り 7-eleven,Thursday,0.38,0.38
3,804,セブンイレブン池袋北口平和通り 7-eleven,Thursday,0.65,0.65
4,804,セブンイレブン池袋北口平和通り 7-eleven,Thursday,0.41,0.41
5,804,セブンイレブン池袋北口平和通り 7-eleven,Thursday,0.49,0.49
6,804,セブンイレブン池袋北口平和通り 7-eleven,Thursday,0.47,0.47
7,804,セブンイレブン池袋北口平和通り 7-eleven,Thursday,0.5,0.5
8,804,セブンイレブン池袋北口平和通り 7-eleven,Thursday,0.63,0.63
9,804,セブンイレブン池袋北口平和通り 7-eleven,Thursday,0.76,0.76
10,804,セブンイレブン池袋北口平和通り 7-eleven,Thursday,0.83,0.83
11,804,セブンイレブン池袋北口平和通り 7-eleven,Thursday,0.85,0.85
12,804,セブンイレブン池袋北口平和通り 7-eleven,Thursday,0.69,0.69
13,804,セブンイレブン池袋北口平和通り 7-eleven,Thursday,0.58,0.58
14,804,セブンイレブン池袋北口平和通り 7-eleven,Thursday,0.54,0.54
15,804,セブンイレブン池袋北口平和通り 7-eleven,Thursday,0.58,0.58
16,804,セブンイレブン池袋北口平和通り 7-eleven,Thursday,0.61,0.61
17,804,セブンイレブン池袋北口平和通り 7-eleven,Thursday,0.69,0.69
18,804,セブンイレブン池袋北口平和通り 7-eleven,Thursday,0.72,0.72
19,804,セブンイレブン池袋北口平和通り 7-eleven,Thursday,0.89,0.89
20,804,セブンイレブン池袋北口平和通り 7-eleven,Thursday,0.96,0.96
21,804,セブンイレブン池袋北口平和通り 7-eleven,Thursday,1,1
22,804,セブンイレブン池袋北口平和通り 7-eleven,Thursday,0.83,0.83
23,804,セブンイレブン池袋北口平和通り 7-eleven,Thursday,0.7,0.7
0,804,セブンイレブン池袋北口平和通り 7-eleven,Tuesday,0.41,0.41
1,804,セブンイレブン池袋北口平和通り 7-eleven,Tuesday,0.32,0.32
2,804,セブンイレブン池袋北口平和通り 7-eleven,Tuesday,0.32,0.32
3,804,セブンイレブン池袋北口平和通り 7-eleven,Tuesday,0.34,0.34
4,804,セブンイレブン池袋北口平和通り 7-eleven,Tuesday,0.38,0.38
5,804,セブンイレブン池袋北口平和通り 7-eleven,Tuesday,0.47,0.47
6,804,セブンイレブン池袋北口平和通り 7-eleven,Tuesday,0.41,0.41
7,804,セブンイレブン池袋北口平和通り 7-eleven,Tuesday,0.4,0.4
8,804,セブンイレブン池袋北口平和通り 7-eleven,Tuesday,0.4,0.4
9,804,セブンイレブン池袋北口平和通り 7-eleven,Tuesday,0.45,0.45
10,804,セブンイレブン池袋北口平和通り 7-eleven,Tuesday,0.47,0.47
11,804,セブンイレブン池袋北口平和通り 7-eleven,Tuesday,0.45,0.45
12,804,セブンイレブン池袋北口平和通り 7-eleven,Tuesday,0.56,0.56
13,804,セブンイレブン池袋北口平和通り 7-eleven,Tuesday,0.6,0.6
14,804,セブンイレブン池袋北口平和通り 7-eleven,Tuesday,0.69,0.69
15,804,セブンイレブン池袋北口平和通り 7-eleven,Tuesday,0.74,0.74
16,804,セブンイレブン池袋北口平和通り 7-eleven,Tuesday,0.81,0.81
17,804,セブンイレブン池袋北口平和通り 7-eleven,Tuesday,0.85,0.85
18,804,セブンイレブン池袋北口平和通り 7-eleven,Tuesday,0.78,0.78
19,804,セブンイレブン池袋北口平和通り 7-eleven,Tuesday,0.78,0.78
20,804,セブンイレブン池袋北口平和通り 7-eleven,Tuesday,0.7,0.7
21,804,セブンイレブン池袋北口平和通り 7-eleven,Tuesday,0.7,0.7
22,804,セブンイレブン池袋北口平和通り 7-eleven,Tuesday,0.69,0.69
23,804,セブンイレブン池袋北口平和通り 7-eleven,Tuesday,0.49,0.49
0,804,セブンイレブン池袋北口平和通り 7-eleven,Wednesday,0.58,0.58
1,804,セブンイレブン池袋北口平和通り 7-eleven,Wednesday,0.56,0.56
2,804,セブンイレブン池袋北口平和通り 7-eleven,Wednesday,0.61,0.61
3,804,セブンイレブン池袋北口平和通り 7-eleven,Wednesday,0.49,0.49
4,804,セブンイレブン池袋北口平和通り 7-eleven,Wednesday,0.58,0.58
5,804,セブンイレブン池袋北口平和通り 7-eleven,Wednesday,0.43,0.43
6,804,セブンイレブン池袋北口平和通り 7-eleven,Wednesday,0.49,0.49
7,804,セブンイレブン池袋北口平和通り 7-eleven,Wednesday,0.61,0.61
8,804,セブンイレブン池袋北口平和通り 7-eleven,Wednesday,0.8,0.8
9,804,セブンイレブン池袋北口平和通り 7-eleven,Wednesday,0.8,0.8
10,804,セブンイレブン池袋北口平和通り 7-eleven,Wednesday,0.7,0.7
11,804,セブンイレブン池袋北口平和通り 7-eleven,Wednesday,0.67,0.67
12,804,セブンイレブン池袋北口平和通り 7-eleven,Wednesday,0.63,0.63
13,804,セブンイレブン池袋北口平和通り 7-eleven,Wednesday,0.61,0.61
14,804,セブンイレブン池袋北口平和通り 7-eleven,Wednesday,0.69,0.69
15,804,セブンイレブン池袋北口平和通り 7-eleven,Wednesday,0.69,0.69
16,804,セブンイレブン池袋北口平和通り 7-eleven,Wednesday,0.69,0.69
17,804,セブンイレブン池袋北口平和通り 7-eleven,Wednesday,0.65,0.65
18,804,セブンイレブン池袋北口平和通り 7-eleven,Wednesday,0.76,0.76
19,804,セブンイレブン池袋北口平和通り 7-eleven,Wednesday,0.81,0.81
20,804,セブンイレブン池袋北口平和通り 7-eleven,Wednesday,0.9,0.9
21,804,セブンイレブン池袋北口平和通り 7-eleven,Wednesday,0.87,0.87
22,804,セブンイレブン池袋北口平和通り 7-eleven,Wednesday,0.81,0.81
23,804,セブンイレブン池袋北口平和通り 7-eleven,Wednesday,0.69,0.69
0,2192,セブンイレブン浜野 7-eleven,Friday,0.46,0.46
1,2192,セブンイレブン浜野 7-eleven,Friday,0.36,0.36
2,2192,セブンイレブン浜野 7-eleven,Friday,0.29,0.29
3,2192,セブンイレブン浜野 7-eleven,Friday,0.24,0.24
4,2192,セブンイレブン浜野 7-eleven,Friday,0.35,0.35
5,2192,セブンイレブン浜野 7-eleven,Friday,0.5,0.5
6,2192,セブンイレブン浜野 7-eleven,Friday,0.69,0.69
7,2192,セブンイレブン浜野 7-eleven,Friday,0.75,0.75
8,2192,セブンイレブン浜野 7-eleven,Friday,0.8,0.8
9,2192,セブンイレブン浜野 7-eleven,Friday,0.81,0.81
10,2192,セブンイレブン浜野 7-eleven,Friday,0.87,0.87
11,2192,セブンイレブン浜野 7-eleven,Friday,0.94,0.94
12,2192,セブンイレブン浜野 7-eleven,Friday,0.97,0.97
13,2192,セブンイレブン浜野 7-eleven,Friday,0.91,0.91
14,2192,セブンイレブン浜野 7-eleven,Friday,0.71,0.71
15,2192,セブンイレブン浜野 7-eleven,Friday,0.69,0.69
16,2192,セブンイレブン浜野 7-eleven,Friday,0.69,0.69
17,2192,セブンイレブン浜野 7-eleven,Friday,0.83,0.83
18,2192,セブンイレブン浜野 7-eleven,Friday,0.92,0.92
19,2192,セブンイレブン浜野 7-eleven,Friday,0.98,0.98
20,2192,セブンイレブン浜野 7-eleven,Friday,0.9,0.9
21,2192,セブンイレブン浜野 7-eleven,Friday,0.72,0.72
22,2192,セブンイレブン浜野 7-eleven,Friday,0.56,0.56
23,2192,セブンイレブン浜野 7-eleven,Friday,0.53,0.53
0,2192,セブンイレブン浜野 7-eleven,Monday,0.21,0.21
1,2192,セブンイレブン浜野 7-eleven,Monday,0.18,0.18
2,2192,セブンイレブン浜野 7-eleven,Monday,0.13,0.13
3,2192,セブンイレブン浜野 7-eleven,Monday,0.17,0.17
4,2192,セブンイレブン浜野 7-eleven,Monday,0.28,0.28
5,2192,セブンイレブン浜野 7-eleven,Monday,0.46,0.46
6,2192,セブンイレブン浜野 7-eleven,Monday,0.67,0.67
7,2192,セブンイレブン浜野 7-eleven,Monday,0.71,0.71
8,2192,セブンイレブン浜野 7-eleven,Monday,0.69,0.69
9,2192,セブンイレブン浜野 7-eleven,Monday,0.61,0.61
10,2192,セブンイレブン浜野 7-eleven,Monday,0.64,0.64
11,2192,セブンイレブン浜野 7-eleven,Monday,0.69,0.69
12,2192,セブンイレブン浜野 7-eleven,Monday,0.76,0.76
13,2192,セブンイレブン浜野 7-eleven,Monday,0.67,0.67
14,2192,セブンイレブン浜野 7-eleven,Monday,0.57,0.57
15,2192,セブンイレブン浜野 7-eleven,Monday,0.52,0.52
16,2192,セブンイレブン浜野 7-eleven,Monday,0.54,0.54
17,2192,セブンイレブン浜野 7-eleven,Monday,0.6,0.6
18,2192,セブンイレブン浜野 7-eleven,Monday,0.66,0.66
19,2192,セブンイレブン浜野 7-eleven,Monday,0.72,0.72
20,2192,セブンイレブン浜野 7-eleven,Monday,0.67,0.67
21,2192,セブンイレブン浜野 7-eleven,Monday,0.65,0.65
22,2192,セブンイレブン浜野 7-eleven,Monday,0.53,0.53
23,2192,セブンイレブン浜野 7-eleven,Monday,0.44,0.44
0,2192,セブンイレブン浜野 7-eleven,Saturday,0.28,0.28
1,2192,セブンイレブン浜野 7-eleven,Saturday,0.19,0.19
2,2192,セブンイレブン浜野 7-eleven,Saturday,0.17,0.17
3,2192,セブンイレブン浜野 7-eleven,Saturday,0.28,0.28
4,2192,セブンイレブン浜野 7-eleven,Saturday,0.26,0.26
5,2192,セブンイレブン浜野 7-eleven,Saturday,0.38,0.38
6,2192,セブンイレブン浜野 7-eleven,Saturday,0.45,0.45
7,2192,セブンイレブン浜野 7-eleven,Saturday,0.53,0.53
8,2192,セブンイレブン浜野 7-eleven,Saturday,0.62,0.62
9,2192,セブンイレブン浜野 7-eleven,Saturday,0.76,0.76
