f0_,zo_name,do_cd,do_name,store_cd,store_name_kanji,f1_,FileName
11/3/2024,京浜,244,目黒,358859,目黒元競馬場,925,[秘B関係者限]京浜
11/3/2024,京浜,244,目黒,486251,大田区上池台３丁目,1026,[秘B関係者限]京浜
11/3/2024,京浜,244,目黒,301747,大田区下丸子３丁目,828,[秘B関係者限]京浜
11/3/2024,京浜,244,目黒,40130,大田区上池台,971,[秘B関係者限]京浜
11/3/2024,京浜,244,目黒,134344,目黒東山３丁目,1710,[秘B関係者限]京浜
11/3/2024,京浜,244,目黒,534316,大田区東雪谷,970,[秘B関係者限]京浜
11/3/2024,京浜,244,目黒,506751,目黒３丁目,888,[秘B関係者限]京浜
11/3/2024,京浜,244,目黒,436401,目黒自由ヶ丘１丁目東,1515,[秘B関係者限]京浜
11/3/2024,京浜,244,目黒,507213,大田区久ヶ原駅前,1069,[秘B関係者限]京浜
11/3/2024,京浜,244,目黒,490040,目黒祐天寺駅西口,869,[秘B関係者限]京浜
11/3/2024,京浜,244,目黒,437636,大田区下丸子ガス橋通り,889,[秘B関係者限]京浜
11/3/2024,京浜,244,目黒,317978,下丸子多摩堤通り,1129,[秘B関係者限]京浜
11/3/2024,京浜,244,目黒,489521,御嶽山駅前,956,[秘B関係者限]京浜
11/3/2024,京浜,244,目黒,245807,目黒大橋１丁目,1739,[秘B関係者限]京浜
11/3/2024,京浜,244,目黒,78887,大田区北千束３丁目,894,[秘B関係者限]京浜
11/3/2024,京浜,244,目黒,523293,学芸大学駅西口,1522,[秘B関係者限]京浜
11/3/2024,京浜,244,目黒,92456,大田区鵜の木１丁目,967,[秘B関係者限]京浜
11/3/2024,京浜,244,目黒,498081,目黒油面,875,[秘B関係者限]京浜
